--
-- Script was generated by Devart dbForge Studio 2019 for MySQL, Version 8.1.22.0
-- Product home page: http://www.devart.com/dbforge/mysql/studio
-- Script date 2023. 03. 30. 1:16:59
-- Server version: 5.5.5-10.4.27-MariaDB
-- Client version: 4.1
--

-- 
-- Disable foreign keys
-- 
/*!40014 SET @OLD_FOREIGN_KEY_CHECKS=@@FOREIGN_KEY_CHECKS, FOREIGN_KEY_CHECKS=0 */;

-- 
-- Set SQL mode
-- 
/*!40101 SET @OLD_SQL_MODE=@@SQL_MODE, SQL_MODE='NO_AUTO_VALUE_ON_ZERO' */;

-- 
-- Set character set the client will use to send SQL statements to the server
--
SET NAMES 'utf8';

DROP DATABASE IF EXISTS housesproject;

CREATE DATABASE IF NOT EXISTS housesproject
	CHARACTER SET utf8mb4
	COLLATE utf8mb4_hungarian_ci;

--
-- Set default database
--
USE housesproject;

--
-- Create table `types`
--
CREATE TABLE IF NOT EXISTS types (
  ID INT(11) NOT NULL AUTO_INCREMENT,
  Name VARCHAR(50) DEFAULT NULL,
  PRIMARY KEY (ID)
)
ENGINE = INNODB,
AUTO_INCREMENT = 8,
AVG_ROW_LENGTH = 2340,
CHARACTER SET utf8mb4,
COLLATE utf8mb4_hungarian_ci;

--
-- Create table `sales`
--
CREATE TABLE IF NOT EXISTS sales (
  ID INT(11) NOT NULL AUTO_INCREMENT,
  Name VARCHAR(50) DEFAULT NULL,
  PRIMARY KEY (ID)
)
ENGINE = INNODB,
AUTO_INCREMENT = 3,
AVG_ROW_LENGTH = 8192,
CHARACTER SET utf8mb4,
COLLATE utf8mb4_hungarian_ci;

--
-- Create table `counties`
--
CREATE TABLE IF NOT EXISTS counties (
  ID INT(11) NOT NULL AUTO_INCREMENT,
  Name VARCHAR(50) DEFAULT NULL,
  PRIMARY KEY (ID)
)
ENGINE = INNODB,
AUTO_INCREMENT = 6,
AVG_ROW_LENGTH = 3276,
CHARACTER SET utf8mb4,
COLLATE utf8mb4_hungarian_ci;

--
-- Create table `houses`
--
CREATE TABLE IF NOT EXISTS houses (
  ID INT(11) NOT NULL AUTO_INCREMENT,
  saleID INT(11) DEFAULT NULL,
  typeID INT(11) DEFAULT NULL,
  Settlement VARCHAR(255) DEFAULT NULL,
  countyID INT(11) DEFAULT NULL,
  Rooms INT(11) DEFAULT NULL,
  parcelNumber VARCHAR(255) DEFAULT NULL,
  Area INT(11) DEFAULT NULL,
  Price INT(11) DEFAULT NULL,
  PRIMARY KEY (ID)
)
ENGINE = INNODB,
AUTO_INCREMENT = 8,
AVG_ROW_LENGTH = 3276,
CHARACTER SET utf8mb4,
COLLATE utf8mb4_hungarian_ci;

--
-- Create foreign key
--
ALTER TABLE houses 
  ADD CONSTRAINT FK_houses_counties_ID FOREIGN KEY (countyID)
    REFERENCES counties(ID);

--
-- Create foreign key
--
ALTER TABLE houses 
  ADD CONSTRAINT FK_houses_sales_ID FOREIGN KEY (saleID)
    REFERENCES sales(ID);

--
-- Create foreign key
--
ALTER TABLE houses 
  ADD CONSTRAINT FK_houses_types_ID FOREIGN KEY (typeID)
    REFERENCES types(ID);

-- 
-- Dumping data for table types
--
INSERT INTO types VALUES
(1, 'Lakás'),
(2, 'Családi ház'),
(3, 'Telek'),
(4, 'Iroda'),
(5, 'Garázs'),
(6, 'Vendéglátás'),
(7, 'Mezőgazdasági');

-- 
-- Dumping data for table sales
--
INSERT INTO sales VALUES
(1, 'Eladó'),
(2, 'Kiadó');

-- 
-- Dumping data for table counties
--
INSERT INTO counties VALUES
(1, 'Jász-Nagykun-Szolnok vármegye'),
(2, 'Pest vármegye'),
(3, 'Somogy vármegye'),
(4, 'Szabolcs-Szatmár-Bereg vármegye'),
(5, 'Nógrád vármegye');

-- 
-- Dumping data for table houses
--
INSERT INTO houses VALUES
(1, 1, 1, 'Szászberek', 1, 8, '11-13421-2142', 685, 135000000),
(2, 2, 7, 'Budapest', 2, 12, '17-42147-4124', 320, 78000000),
(3, 2, 4, 'Kaposvár', 3, 9, '57-24141-2162', 752, 180000000),
(4, 1, 5, 'Nyíregyháza', 4, 2, '42-42142-2487', 130, 35050000),
(5, 1, 6, 'Salgótarján', 5, 4, '95-57441-0135', 187, 42500000);

-- 
-- Restore previous SQL mode
-- 
/*!40101 SET SQL_MODE=@OLD_SQL_MODE */;

-- 
-- Enable foreign keys
-- 
/*!40014 SET FOREIGN_KEY_CHECKS=@OLD_FOREIGN_KEY_CHECKS */;